feature_id,feature_name,company,launch_date,feature_type,announcement_source,google_trends_keyword,expected_stickiness,notes,search_decay,total_mentions,positive_ratio,negative_ratio,neutral_ratio,avg_score,sentiment_label,positive_count,negative_count,neutral_count,classification,explanation,outcome_label,is_success,is_failure,known_outcome,outcome_metric,feature_type_calc
1,AI DJ,Spotify,2023-02-22,AI/Personalization,https://newsroom.spotify.com/2023-02-22/spotify-debuts-a-new-ai-dj-right-in-your-pocket/,Spotify AI DJ,sticky,Initially US/Canada only; 25% listening time reported,0.8885714285714286,22,0.2727272727272727,0.0909090909090909,0.6363636363636364,107.95454545454544,mixed,6.0,2.0,14.0,UNCERTAIN,"Mixed signals: 88.9% decay, mixed sentiment, 22 mentions.",success,1,0,SUCCESS,"Billions of streams, top engagement driver",AI
2,AI Playlist,Spotify,2024-04-07,AI/Content,https://newsroom.spotify.com/2024-04-07/spotify-premium-users-can-now-turn-any-idea-into-a-personalized-playlist-with-ai-playlist-in-beta/,Spotify AI Playlist,unknown,UK/Australia launch; expanded Sept 2024,0.92,19,0.2105263157894736,0.3157894736842105,0.4736842105263157,4.368421052631579,mixed,4.0,6.0,9.0,UNCERTAIN,"Mixed signals: 92.0% decay, mixed sentiment, 19 mentions.",unknown,0,0,UNKNOWN,No verified data,AI
3,Wrapped AI Podcast,Spotify,2024-12-04,AI/Personalization,https://newsroom.spotify.com/2024-12-04/wrapped-user-experience-2024/,Spotify Wrapped AI,novelty,Wrapped is annual - likely novelty spike,1.0,114,0.4736842105263157,0.0964912280701754,0.4298245614035088,90.7280701754386,mixed,54.0,11.0,49.0,UNCERTAIN,"Mixed signals: 100.0% decay, mixed sentiment, 114 mentions.",unknown,0,0,UNKNOWN,No verified data,AI
4,Audiobooks,Spotify,2023-09-13,Content Expansion,Press release,Spotify Audiobooks,sticky,Premium tier gets 15 hours/month,0.74,31,0.2580645161290322,0.064516129032258,0.6774193548387096,302.35483870967744,mixed,8.0,2.0,21.0,UNCERTAIN,"Mixed signals: 74.0% decay, mixed sentiment, 31 mentions.",success,1,0,MODERATE_SUCCESS,Increased retention and listening hours,CONTENT
5,Daylist,Spotify,2023-09-12,Personalization,Press release,Spotify Daylist,unknown,Dynamic playlist that changes throughout day,0.98,33,0.3636363636363636,0.0606060606060606,0.5757575757575758,64.96969696969697,mixed,12.0,2.0,19.0,UNCERTAIN,"Mixed signals: 98.0% decay, mixed sentiment, 33 mentions.",unknown,0,0,UNKNOWN,No verified data,AI
6,Password Sharing Crackdown,Netflix,2023-05-23,Policy/Monetization,https://about.netflix.com/en/news/an-update-on-sharing,Netflix password sharing,sticky,9.33M new subs Q1 2024 reported,0.9328571428571428,37,0.1081081081081081,0.2972972972972973,0.5945945945945946,19.594594594594593,mixed,4.0,11.0,22.0,UNCERTAIN,"Mixed signals: 93.3% decay, mixed sentiment, 37 mentions.",success,1,0,SUCCESS,9.3M paid net additions (Q1 2024),MONETIZATION
7,Profile Transfer,Netflix,2022-10-17,User Experience,https://about.netflix.com/en/news/introducing-profile-transfer,Netflix profile transfer,sticky,Enables easy migration for password sharers,1.0,10,0.2,0.0,0.8,26.2,mixed,2.0,0.0,8.0,UNCERTAIN,"Mixed signals: 100.0% decay, mixed sentiment, 10 mentions.",unknown,0,0,UNKNOWN,No verified data,UTILITY
8,Extra Member,Netflix,2023-02-01,Monetization,Press release,Netflix extra member,sticky,$7.99/month add-on,0.54,12,0.0,0.0,1.0,11.583333333333334,mixed,0.0,0.0,12.0,UNCERTAIN,"Mixed signals: 54.0% decay, mixed sentiment, 12 mentions.",success,1,0,SUCCESS,Contributed to 9.3M growth,MONETIZATION
9,Ad-Supported Tier,Netflix,2022-11-03,Pricing/Monetization,Press release,Netflix with ads,sticky,$6.99/month tier,0.8207142857142857,12,0.25,0.1666666666666666,0.5833333333333334,182.91666666666663,mixed,3.0,2.0,7.0,UNCERTAIN,"Mixed signals: 82.1% decay, mixed sentiment, 12 mentions.",success,1,0,SUCCESS,23M monthly active users (Jan 2024),MONETIZATION
10,Games,Netflix,2021-11-02,Content Expansion,Press release,Netflix games,novelty,Mobile games included with subscription,0.7628571428571428,1,0.0,0.0,1.0,15.0,mixed,0.0,0.0,1.0,LOW_AWARENESS,High search decay with few Reddit mentions suggests the feature never gained traction.,failure,0,1,FAILURE,<1% daily usage (0.5% of subs),GAMES
11,Downloads Feature Update,Netflix,2021-11-03,User Experience,Blog post,Netflix downloads,unknown,Expanded download limits,0.67,10,0.0,0.4,0.6,6.1,mixed,0.0,4.0,6.0,UNCERTAIN,"Mixed signals: 67.0% decay, mixed sentiment, 10 mentions.",unknown,0,0,UNKNOWN,No verified data,UTILITY
12,Spatial Audio,Netflix,2022-07-07,Technical Feature,Press release,Netflix spatial audio,novelty,Audio enhancement feature,1.0,12,0.1666666666666666,0.0,0.8333333333333334,59.666666666666664,mixed,2.0,0.0,10.0,UNCERTAIN,"Mixed signals: 100.0% decay, mixed sentiment, 12 mentions.",unknown,0,0,UNKNOWN,No verified data,TECH
13,Background Play,YouTube Premium,2014-11-12,Core Feature,Launch,YouTube background play,sticky,Premium's killer feature,0.5057142857142857,0,0.0,0.0,0.0,0.0,unknown,,,,UNCERTAIN,"Mixed signals: 50.6% decay, unknown sentiment, 0 mentions.",success,1,0,MODERATE_SUCCESS,Top retention driver for Premium,UTILITY
14,Offline Downloads,YouTube Premium,2014-11-12,Core Feature,Launch,YouTube offline,sticky,Download videos for offline viewing,0.6714285714285714,0,0.0,0.0,0.0,0.0,unknown,,,,UNCERTAIN,"Mixed signals: 67.1% decay, unknown sentiment, 0 mentions.",success,1,0,MODERATE_SUCCESS,Top 3 most-used Premium feature,UTILITY
16,Queue Management,YouTube Premium,2023-03-15,User Experience,App update,YouTube queue,novelty,Better playlist management,1.0,7,0.0,0.5714285714285714,0.4285714285714285,81.85714285714286,negative,0.0,4.0,3.0,ABANDONMENT,High search decay with negative sentiment indicates users tried the feature but gave up.,unknown,0,0,UNKNOWN,No verified data,UTILITY
18,App-Only Membership,Peloton,2015-10-28,Pricing,https://investor.onepeloton.com/,Peloton app only,sticky,$12.99/month no equipment needed,1.0,0,0.0,0.0,0.0,0.0,unknown,,,,LOW_AWARENESS,High search decay with few Reddit mentions suggests the feature never gained traction.,failure,0,1,FAILURE,Below expectations,OTHER
19,Strength Training,Peloton,2021-08-01,Content Expansion,Press release,Peloton strength,sticky,Major content category expansion,0.82,0,0.0,0.0,0.0,0.0,unknown,,,,LOW_AWARENESS,High search decay with few Reddit mentions suggests the feature never gained traction.,success,1,0,SUCCESS,32% YoY growth in minutes consumed,CONTENT
21,Running Content,Peloton,2023-02-23,Content Expansion,Press release,Peloton running,sticky,Outdoor running classes,1.0,4,0.5,0.0,0.5,266.75,mixed,2.0,0.0,2.0,LOW_AWARENESS,High search decay with few Reddit mentions suggests the feature never gained traction.,success,1,0,MODERATE_SUCCESS,Top-3 category in outdoor content,CONTENT
22,Rowing Classes,Peloton,2022-09-15,Content Expansion,Press release,Peloton rowing,unknown,New equipment category,0.9885714285714288,34,0.4117647058823529,0.0588235294117647,0.5294117647058824,88.97058823529412,mixed,14.0,2.0,18.0,UNCERTAIN,"Mixed signals: 98.9% decay, mixed sentiment, 34 mentions.",unknown,0,0,UNKNOWN,No verified data,CONTENT
24,GroupWatch,Disney+,2020-09-29,Social Feature,Press release,Disney Plus GroupWatch,novelty,Watch parties feature,1.0,12,0.0,0.4166666666666667,0.5833333333333334,83.91666666666667,mixed,0.0,5.0,7.0,UNCERTAIN,"Mixed signals: 100.0% decay, mixed sentiment, 12 mentions.",failure,0,1,FAILURE,Discontinued (removed silently),SOCIAL
25,Downloads Offline,Disney+,2019-11-12,Core Feature,Launch,Disney Plus downloads,sticky,Offline viewing,1.0,23,0.0,0.2608695652173913,0.7391304347826086,9.782608695652174,mixed,0.0,6.0,17.0,UNCERTAIN,"Mixed signals: 100.0% decay, mixed sentiment, 23 mentions.",unknown,0,0,UNKNOWN,No verified data,UTILITY
26,Parental Controls Update,Disney+,2021-03-26,User Experience,Press release,Disney Plus parental controls,unknown,Enhanced content filtering,1.0,10,0.0,0.6,0.4,2.7,negative,0.0,6.0,4.0,ABANDONMENT,High search decay with negative sentiment indicates users tried the feature but gave up.,unknown,0,0,UNKNOWN,No verified data,UTILITY
27,IMAX Enhanced,Disney+,2021-11-12,Technical Feature,Press release,Disney Plus IMAX,novelty,Enhanced aspect ratio for select titles,0.9842857142857144,108,0.074074074074074,0.1111111111111111,0.8148148148148148,59.93518518518518,mixed,8.0,12.0,88.0,UNCERTAIN,"Mixed signals: 98.4% decay, mixed sentiment, 108 mentions.",success,1,0,MODERATE_SUCCESS,High viewership for Marvel titles,TECH
28,Star Content Hub,Disney+,2021-02-23,Content Expansion,Press release,Disney Plus Star,sticky,More adult content (international),0.9214285714285714,58,0.3103448275862069,0.0689655172413793,0.6206896551724138,33.5,mixed,18.0,4.0,36.0,UNCERTAIN,"Mixed signals: 92.1% decay, mixed sentiment, 58 mentions.",success,1,0,MODERATE_SUCCESS,Higher engagement in EU markets,CONTENT
29,ESPN Integration,Disney+,2024-12-04,Content Integration,Press release,Disney Plus ESPN,unknown,Sports content bundling,0.8871428571428571,36,0.0,0.0555555555555555,0.9444444444444444,60.388888888888886,mixed,0.0,2.0,34.0,UNCERTAIN,"Mixed signals: 88.7% decay, mixed sentiment, 36 mentions.",unknown,0,0,UNKNOWN,No verified data,CONTENT
30,Premium Plus Tier,Hulu,2023-10-12,Pricing,Press release,Hulu Premium Plus,unknown,No ads + more features,1.0,32,0.0625,0.125,0.8125,5.375,mixed,2.0,4.0,26.0,UNCERTAIN,"Mixed signals: 100.0% decay, mixed sentiment, 32 mentions.",unknown,0,0,UNKNOWN,No verified data,MONETIZATION
31,Live TV Cloud DVR,Hulu,2023-04-15,Feature Enhancement,Press release,Hulu DVR,sticky,Unlimited cloud DVR,1.0,42,0.1428571428571428,0.1666666666666666,0.6904761904761905,4.571428571428571,mixed,6.0,7.0,29.0,UNCERTAIN,"Mixed signals: 100.0% decay, mixed sentiment, 42 mentions.",success,1,0,MODERATE_SUCCESS,Top differentiator for churn reduction,LIVE
32,Watch Party,Hulu,2020-05-14,Social Feature,Press release,Hulu Watch Party,novelty,Co-viewing feature,0.7642857142857143,12,0.3333333333333333,0.1666666666666666,0.5,18.583333333333332,mixed,4.0,2.0,6.0,UNCERTAIN,"Mixed signals: 76.4% decay, mixed sentiment, 12 mentions.",failure,0,1,WEAK,Low usage (no metrics published),SOCIAL
34,Multiview,YouTube TV,2023-10-01,User Experience,Press release,YouTube TV multiview,sticky,Watch 4 streams simultaneously,0.9,15,0.0666666666666666,0.2,0.7333333333333333,4.0,mixed,1.0,3.0,11.0,UNCERTAIN,"Mixed signals: 90.0% decay, mixed sentiment, 15 mentions.",success,1,0,SUCCESS,Millions of viewers during NFL,SOCIAL
35,Price Increase,YouTube TV,2023-03-16,Pricing,Announcement,YouTube TV price,novelty,Negative feature launch,0.8828571428571429,44,0.2727272727272727,0.0909090909090909,0.6363636363636364,59.40909090909091,mixed,12.0,4.0,28.0,UNCERTAIN,"Mixed signals: 88.3% decay, mixed sentiment, 44 mentions.",unknown,0,0,UNKNOWN,No verified data,MONETIZATION
36,Unlimited DVR,YouTube TV,2019-06-01,Core Feature,Announcement,YouTube TV DVR,sticky,Cloud DVR with no limits,0.6828571428571428,9,0.0,0.1111111111111111,0.8888888888888888,1.1111111111111112,mixed,0.0,1.0,8.0,UNCERTAIN,"Mixed signals: 68.3% decay, mixed sentiment, 9 mentions.",success,1,0,MODERATE_SUCCESS,#1 reason for switching to YouTube TV,LIVE
37,Download to Watch Offline,Paramount+,2023-06-20,Core Feature,Press release,Paramount Plus downloads,sticky,Offline viewing,1.0,2,1.0,0.0,0.0,1.0,positive,2.0,0.0,0.0,LOW_AWARENESS,High search decay with few Reddit mentions suggests the feature never gained traction.,unknown,0,0,UNKNOWN,No verified data,UTILITY
43,Lossless Audio,Apple Music,2021-06-07,Technical Feature,Press release,Apple Music lossless,novelty,Hi-fi streaming,0.9057142857142856,0,0.0,0.0,0.0,0.0,unknown,,,,LOW_AWARENESS,High search decay with few Reddit mentions suggests the feature never gained traction.,unknown,0,0,UNKNOWN,No verified data,TECH
44,Sing Feature,Apple Music,2022-12-13,User Experience,Press release,Apple Music Sing,novelty,Karaoke-style lyrics,0.8785714285714286,34,0.2352941176470588,0.0,0.7647058823529411,24.5,mixed,8.0,0.0,26.0,UNCERTAIN,"Mixed signals: 87.9% decay, mixed sentiment, 34 mentions.",unknown,0,0,UNKNOWN,No verified data,TECH
45,Classical App,Apple Music,2023-03-28,Product Launch,Press release,Apple Music Classical,unknown,Dedicated classical music app,0.98,116,0.3103448275862069,0.2413793103448276,0.4482758620689655,20.017241379310345,mixed,36.0,28.0,52.0,UNCERTAIN,"Mixed signals: 98.0% decay, mixed sentiment, 116 mentions.",success,1,0,MODERATE_SUCCESS,Strong interest among classical listeners,CONTENT
49,Premium Price Increase,Spotify,2023-07-24,Pricing,Announcement,Spotify price increase,novelty,Negative feature launch,1.0,26,0.4615384615384615,0.0769230769230769,0.4615384615384615,199.23076923076923,mixed,12.0,2.0,12.0,UNCERTAIN,"Mixed signals: 100.0% decay, mixed sentiment, 26 mentions.",success,1,0,SUCCESS,10% ARPU increase YoY,MONETIZATION
